label,code,axis,common_belief,data_says,reason,coach_rule,total_per100,soluble_per100,insoluble_per100,source
玄米ごはん,01085,総量,玄米は白米より食物繊維が多い,めしにすると玄米1.4g < 白米1.5g（生では玄米3.0g vs 白米0.5gで6倍差）,分析法の非対称：精白米めしのみAOAC法で測定され難消化性でん粉を拾っている,主食の置き換え提案に使わない。もち麦・押麦を使う,1.4,0.2,1.2,prosky
全粒粉パン,01208,総量,全粒粉パンは食パンより繊維が多い,総量+0.18gしか増えない（食パン4.2g vs 全粒粉パン4.5g/100g）,分析法の非対称：食パンのみAOAC法で測定,置き換え提案に使わない。ライ麦パンの方が根拠がある,4.5,0.9,3.6,prosky
こんにゃく,02003,水溶性,こんにゃくは水溶性食物繊維が豊富,板こんにゃくは水溶性0.1g・不溶性2.1g（5%）。精粉の段階では水溶性92%,精粉を板に固める工程でゲル化・不溶化する,水溶性を増やす提案に使わない,2.2,0.1,2.1,prosky
しらたき,02005,水溶性,しらたきで腸活,水溶性0g・不溶性2.9g（100%不溶性）,板こんにゃくと同じ理由,水溶性を増やす提案に使わない。総量目的なら可,2.9,0.0,2.9,prosky
カットわかめ(乾),09044,水溶性,海藻はアルギン酸・フコイダンで水溶性が主体,内訳未測定。同群実測（湯通し塩蔵わかめ 水溶0.0g・まこんぶ素干し 水溶0.1g）がいずれも0%のため0%を適用,アルギン酸は植物中でカルシウム塩として存在し、AOAC法では不溶性に分類される,水溶性を増やす提案に使わない。総量・ミネラル目的なら可。内訳は推定値なので要再検証,39.2,0.0,39.2,推定(同群実測0%)
ほしひじき(乾),09050,水溶性,海藻はアルギン酸・フコイダンで水溶性が主体,内訳未測定。同群実測（湯通し塩蔵わかめ 水溶0.0g・まこんぶ素干し 水溶0.1g）がいずれも0%のため0%を適用,アルギン酸は植物中でカルシウム塩として存在し、AOAC法では不溶性に分類される,水溶性を増やす提案に使わない。総量・ミネラル目的なら可。内訳は推定値なので要再検証,51.8,0.0,51.8,推定(同群実測0%)
めかぶ,09047,水溶性,海藻はアルギン酸・フコイダンで水溶性が主体,内訳未測定。同群実測（湯通し塩蔵わかめ 水溶0.0g・まこんぶ素干し 水溶0.1g）がいずれも0%のため0%を適用,アルギン酸は植物中でカルシウム塩として存在し、AOAC法では不溶性に分類される,水溶性を増やす提案に使わない。総量・ミネラル目的なら可。内訳は推定値なので要再検証,3.4,0.0,3.4,推定(同群実測0%)
もずく,09037,水溶性,海藻はアルギン酸・フコイダンで水溶性が主体,内訳未測定。同群実測（湯通し塩蔵わかめ 水溶0.0g・まこんぶ素干し 水溶0.1g）がいずれも0%のため0%を適用,アルギン酸は植物中でカルシウム塩として存在し、AOAC法では不溶性に分類される,水溶性を増やす提案に使わない。総量・ミネラル目的なら可。内訳は推定値なので要再検証,2.0,0.0,2.0,推定(同群実測0%)
焼きのり,09004,水溶性,海藻はアルギン酸・フコイダンで水溶性が主体,内訳未測定。同群実測（湯通し塩蔵わかめ 水溶0.0g・まこんぶ素干し 水溶0.1g）がいずれも0%のため0%を適用,アルギン酸は植物中でカルシウム塩として存在し、AOAC法では不溶性に分類される,水溶性を増やす提案に使わない。総量・ミネラル目的なら可。内訳は推定値なので要再検証,36.0,0.0,36.0,推定(同群実測0%)
ところてん,09026,水溶性,海藻はアルギン酸・フコイダンで水溶性が主体,内訳未測定。同群実測（湯通し塩蔵わかめ 水溶0.0g・まこんぶ素干し 水溶0.1g）がいずれも0%のため0%を適用,アルギン酸は植物中でカルシウム塩として存在し、AOAC法では不溶性に分類される,水溶性を増やす提案に使わない。総量・ミネラル目的なら可。内訳は推定値なので要再検証,0.6,0.0,0.6,推定(同群実測0%)
粉寒天,09049,水溶性,海藻はアルギン酸・フコイダンで水溶性が主体,内訳未測定。同群実測（湯通し塩蔵わかめ 水溶0.0g・まこんぶ素干し 水溶0.1g）がいずれも0%のため0%を適用,アルギン酸は植物中でカルシウム塩として存在し、AOAC法では不溶性に分類される,水溶性を増やす提案に使わない。総量・ミネラル目的なら可。内訳は推定値なので要再検証,79.0,0.0,79.0,推定(同群実測0%)
とろろ昆布,09021,水溶性,海藻はアルギン酸・フコイダンで水溶性が主体,内訳未測定。同群実測（湯通し塩蔵わかめ 水溶0.0g・まこんぶ素干し 水溶0.1g）がいずれも0%のため0%を適用,アルギン酸は植物中でカルシウム塩として存在し、AOAC法では不溶性に分類される,水溶性を増やす提案に使わない。総量・ミネラル目的なら可。内訳は推定値なので要再検証,28.2,0.0,28.2,推定(同群実測0%)
刻み昆布,09020,水溶性,海藻はアルギン酸・フコイダンで水溶性が主体,内訳未測定。同群実測（湯通し塩蔵わかめ 水溶0.0g・まこんぶ素干し 水溶0.1g）がいずれも0%のため0%を適用,アルギン酸は植物中でカルシウム塩として存在し、AOAC法では不溶性に分類される,水溶性を増やす提案に使わない。総量・ミネラル目的なら可。内訳は推定値なので要再検証,39.1,0.0,39.1,推定(同群実測0%)
塩昆布,09022,水溶性,海藻はアルギン酸・フコイダンで水溶性が主体,内訳未測定。同群実測（湯通し塩蔵わかめ 水溶0.0g・まこんぶ素干し 水溶0.1g）がいずれも0%のため0%を適用,アルギン酸は植物中でカルシウム塩として存在し、AOAC法では不溶性に分類される,水溶性を増やす提案に使わない。総量・ミネラル目的なら可。内訳は推定値なので要再検証,13.1,0.0,13.1,推定(同群実測0%)
あおのり,09002,水溶性,海藻はアルギン酸・フコイダンで水溶性が主体,内訳未測定。同群実測（湯通し塩蔵わかめ 水溶0.0g・まこんぶ素干し 水溶0.1g）がいずれも0%のため0%を適用,アルギン酸は植物中でカルシウム塩として存在し、AOAC法では不溶性に分類される,水溶性を増やす提案に使わない。総量・ミネラル目的なら可。内訳は推定値なので要再検証,35.2,0.0,35.2,推定(同群実測0%)
オクラ,06033,水溶性,ネバネバ食材は水溶性食物繊維,水溶1.6g/不溶3.6g（31%）で不溶性寄り,ネバネバ成分(ムチレージ)自体は水溶性だが食物繊維全体では少数派,水溶性狙いでは推さない,5.4,1.6,3.6,prosky
長いも,02024,水溶性,ネバネバ食材は水溶性,水溶0.2g/不溶1.2g（14%）。総量も1.4g/100gと低い（生は1.0g）,同上,水溶性狙いでは推さない,1.4,0.2,1.2,prosky
モロヘイヤ,06293,水溶性,ネバネバで腸に良い,水溶1.3g/不溶4.6g（22%）。総量5.9g/100gと多いが内訳は不溶性寄り,同上,水溶性狙いでは推さない,5.9,1.3,4.6,prosky
キウイ,07054,水溶性,キウイは水溶性食物繊維が多い,水溶0.6g/不溶2.0g（23%）。1個で水溶0.51g,ペクチンは水溶性だが果肉全体では不溶性が多数,水溶性狙いでは推さない。総量目的なら可,2.6,0.6,2.0,prosky
