id,trigger,priority,message,reason,delta_total,delta_soluble,kind,target_food,source
C001,総量不足,1,キムチをらっきょうに変えてみませんか,入れ替えるだけで食物繊維が約4.3g増えます。手間は増えません,4.29,4.41,置き換え,らっきょう,swaps:両方
C002,総量不足,1,うどんをパスタに変えてみませんか,入れ替えるだけで食物繊維が約4.2g増えます。手間は増えません,4.25,1.39,置き換え,パスタ,swaps:両方
C003,総量不足,1,ごはんをもち麦ごはんに変えてみませんか,入れ替えるだけで食物繊維が約4.0g増えます。手間は増えません,4.05,3.15,置き換え,もち麦ごはん,swaps:両方
C004,総量不足,1,ごはんをそばに変えてみませんか,入れ替えるだけで食物繊維が約3.5g増えます。手間は増えません,3.55,1.45,置き換え,そば,swaps:両方
C005,総量不足,1,せんべいをドライあんずに変えてみませんか,入れ替えるだけで食物繊維が約2.8g増えます。手間は増えません,2.82,1.29,置き換え,ドライあんず,swaps:両方
C006,総量不足,1,バナナをアボカドに変えてみませんか,入れ替えるだけで食物繊維が約2.8g増えます。手間は増えません,2.82,1.09,置き換え,アボカド,swaps:両方
C007,総量不足,1,キャベツ千切りをごぼうに変えてみませんか,入れ替えるだけで食物繊維が約2.1g増えます。手間は増えません,2.15,1.15,置き換え,ごぼう,swaps:両方
C008,総量不足,1,うどんを大麦めんに変えてみませんか,入れ替えるだけで食物繊維が約1.8g増えます。手間は増えません,1.79,2.07,置き換え,大麦めん,swaps:両方
C009,水溶性不足,1,しらたきをごぼうに変えてみませんか,菌のごはんが約1.4g増えます,0.15,1.35,置き換え,ごぼう,swaps:水溶性
C010,水溶性不足,1,そばを大麦めんに変えてみませんか,菌のごはんが約1.4g増えます,-0.76,1.43,置き換え,大麦めん,swaps:水溶性
C011,総量不足,2,うどんをそばにすると少し増えます,食物繊維が約2.5g増えます,2.55,0.64,置き換え,そば,swaps:総量
C012,総量不足,2,レタスをブロッコリーにすると少し増えます,食物繊維が約2.2g増えます,2.25,0.57,置き換え,ブロッコリー,swaps:総量
C013,総量不足,2,コーンフレークをオートミールにすると少し増えます,食物繊維が約1.9g増えます,1.86,0.84,置き換え,オートミール,swaps:総量
C014,総量不足,2,ひきわり納豆を納豆にすると少し増えます,食物繊維が約1.6g増えます,1.63,0.57,置き換え,納豆,swaps:総量
C015,総量不足,2,せんべいをアーモンドにすると少し増えます,食物繊維が約1.5g増えます,1.53,0.16,置き換え,アーモンド,swaps:総量
C016,総量不足,2,ポテトチップスを枝豆にすると少し増えます,食物繊維が約1.1g増えます,1.13,0.04,置き換え,枝豆,swaps:総量
C017,水溶性不足,2,らっきょうを5粒足してみませんか,菌のごはんが約4.7g増えます,5.17,4.65,追加,らっきょう,servings:水溶性上位
C018,水溶性不足,2,もち麦ごはんを1杯足してみませんか,菌のごはんが約3.1g増えます,6.3,3.15,追加,もち麦ごはん,servings:水溶性上位
C019,水溶性不足,2,大麦めんを1食足してみませんか,菌のごはんが約2.9g増えます,5.04,2.88,追加,大麦めん,servings:水溶性上位
C020,水溶性不足,2,エシャレットを3本足してみませんか,菌のごはんが約2.7g増えます,3.42,2.73,追加,エシャレット,servings:水溶性上位
C021,水溶性不足,2,パスタを1食足してみませんか,菌のごはんが約2.2g増えます,7.5,2.2,追加,パスタ,servings:水溶性上位
C022,水溶性不足,2,中華めんを1玉足してみませんか,菌のごはんが約2.2g増えます,5.6,2.16,追加,中華めん,servings:水溶性上位
C023,水溶性不足,2,お好み焼きを1枚足してみませんか,菌のごはんが約2.1g増えます,5.2,2.12,追加,お好み焼き,servings:水溶性上位
C024,水溶性不足,2,豆乳を1杯足してみませんか,菌のごはんが約1.8g増えます,1.8,1.8,追加,豆乳,servings:水溶性上位
C025,水溶性不足,2,米粒麦を大さじ3足してみませんか,菌のごはんが約1.8g増えます,2.61,1.8,追加,米粒麦,servings:水溶性上位
C026,不溶性不足,2,いんげん豆を1/2カップ足してみませんか,おそうじの力が約6g増えます,6.8,0.75,追加,いんげん豆,servings:不溶性上位
C027,不溶性不足,2,おからを小鉢1杯足してみませんか,おそうじの力が約6g増えます,5.75,0.2,追加,おから,servings:不溶性上位
C028,不溶性不足,2,ひよこ豆を1/2カップ足してみませんか,おそうじの力が約6g増えます,5.8,0.25,追加,ひよこ豆,servings:不溶性上位
C029,不溶性不足,2,パスタを1食足してみませんか,おそうじの力が約5g増えます,7.5,2.2,追加,パスタ,servings:不溶性上位
C030,不溶性不足,2,干し柿を1個足してみませんか,おそうじの力が約4.4g増えます,4.9,0.46,追加,干し柿,servings:不溶性上位
C031,不溶性不足,2,ゆで大豆を1/2カップ足してみませんか,おそうじの力が約4.4g増えます,5.1,0.68,追加,ゆで大豆,servings:不溶性上位
C032,達成・水溶性不足,1,目標に届きました。次は菌のごはんを増やしてみませんか,量は足りていますが、菌のエサになる分が少なめでした,0.0,0.0,バランス,,targets.json
C033,達成・不溶性不足,1,目標に届きました。次はかさのある食材を足してみませんか,菌のごはんは足りています。かさのある分が少なめでした,0.0,0.0,バランス,,targets.json
C034,達成・バランス良好,3,今日はきれいに整っています,量もバランスも目標どおりでした,0.0,0.0,称賛,,targets.json
C035,記録3日未満,1,まず3日、記録してみましょう,3日分たまると、あなたの傾向から提案できるようになります,0.0,0.0,オンボーディング,,design
C036,連続未達3日,1,主食を1回だけ変えてみませんか,足すより置き換える方が、手間なく増えることがわかっています,4.05,3.15,置き換え,,検算:D案
C037,記録が途切れた後,1,おかえりなさい。今日から続けましょう,7日平均は記録した日だけで出します。今日からまた積み直せます,0.0,0.0,復帰,,design:弱らせない
