category,label,display_name,aliases,unit_label,serving_g,code,official_name,fiber_per_100g,fiber_per_serving,soluble_ratio,soluble_per_serving,insoluble_per_serving,breakdown_source,method,tier
主食,もち麦ごはん,もち麦ごはん,押麦ごはん|大麦ごはん|もち麦飯|麦ごはん,1杯,150,01170,おおむぎ　押麦　めし,4.2,6.3,0.5,3.15,3.15,aoac実測,aoac2011.25,A
主食,白米ごはん,ごはん,ごはん|ご飯|白米|米飯|白飯|ライス,1杯,150,01088,こめ　［水稲めし］　精白米　うるち米,1.5,2.25,0.0,0.0,2.25,prosky実測,both,B
主食,白米ごはん(小盛),ごはん(小盛),ごはん小盛|少なめ,小盛1杯,100,01088,こめ　［水稲めし］　精白米　うるち米,1.5,1.5,0.0,0.0,1.5,prosky実測,both,B
主食,白米ごはん(大盛),ごはん(大盛),ごはん大盛|ライス大盛,大盛1杯,250,01088,こめ　［水稲めし］　精白米　うるち米,1.5,3.75,0.0,0.0,3.75,prosky実測,both,A
主食,おにぎり,おにぎり,塩おにぎり|コンビニおにぎり,1個,100,01088,こめ　［水稲めし］　精白米　うるち米,1.5,1.5,0.0,0.0,1.5,prosky実測,both,B
主食,玄米ごはん,玄米ごはん,玄米|玄米飯,1杯,150,01085,こめ　［水稲めし］　玄米,1.4,2.1,0.143,0.3,1.8,prosky実測,prosky,B
主食,食パン(6枚切),食パン(6枚切),食パン|トースト|パン,1枚,60,01026,こむぎ　［パン類］　角形食パン　食パン,4.2,2.52,0.174,0.44,2.08,prosky実測,both,B
主食,食パン(8枚切),食パン(8枚切),食パン薄切り,1枚,45,01026,こむぎ　［パン類］　角形食パン　食パン,4.2,1.89,0.174,0.33,1.56,prosky実測,both,B
主食,全粒粉パン,全粒粉パン,全粒粉|ホールウィート,1枚,60,01208,こむぎ　［パン類］　全粒粉パン,4.5,2.7,0.2,0.54,2.16,prosky実測,prosky,B
主食,ライ麦パン,ライ麦パン,ライ麦|黒パン,1枚,60,01032,こむぎ　［パン類］　ライ麦パン,5.6,3.36,0.357,1.2,2.16,prosky実測,prosky,A
主食,ロールパン,ロールパン,バターロール,1個,30,01034,こむぎ　［パン類］　ロールパン,2.0,0.6,0.5,0.3,0.3,prosky実測,prosky,C
主食,オートミール,オートミール,オーツ|オートミル|オーツ麦,1食(30g),30,01004,えんばく　オートミール,9.4,2.82,0.34,0.96,1.86,prosky実測,prosky,B
主食,コーンフレーク,コーンフレーク,シリアル|フレーク,1食,40,01137,とうもろこし　コーンフレーク,2.4,0.96,0.125,0.12,0.84,prosky実測,prosky,C
主食,うどん(ゆで),うどん,うどん|讃岐うどん|かけうどん,1玉,250,01039,こむぎ　［うどん・そうめん類］　うどん　ゆで,1.3,3.25,0.25,0.81,2.44,prosky実測,both,A
主食,そば(ゆで),そば,そば|蕎麦|ざるそば|かけそば,1玉,200,01128,そば　そば　ゆで,2.9,5.8,0.25,1.45,4.35,prosky実測,both,A
主食,中華めん(ゆで),中華めん,ラーメン|中華麺|らーめん,1玉,200,01048,こむぎ　［中華めん類］　中華めん　ゆで,2.8,5.6,0.385,2.16,3.44,prosky実測,both,A
主食,パスタ(ゆで),パスタ,スパゲッティ|スパゲティ|パスタ|マカロニ,1食,250,01064,こむぎ　［マカロニ・スパゲッティ類］　マカロニ・スパゲッティ　ゆで,3.0,7.5,0.294,2.2,5.3,prosky実測,both,A
主食,もち,もち,切り餅|餅|お餅,1個,50,01117,こめ　［もち米製品］　もち,0.5,0.25,0.0,0.0,0.25,prosky実測,prosky,C
豆類,納豆,納豆,糸引き納豆|なっとう|ナットウ,1パック,45,04046,だいず　［納豆類］　糸引き納豆,9.5,4.28,0.343,1.47,2.81,prosky実測,both,A
豆類,ひきわり納豆,ひきわり納豆,挽きわり納豆|ひきわり,1パック,45,04047,だいず　［納豆類］　挽きわり納豆,5.9,2.65,0.339,0.9,1.75,prosky実測,prosky,B
豆類,ゆで大豆,ゆで大豆,大豆|蒸し大豆|水煮大豆|サラダ大豆,1/2カップ,60,04024,だいず　［全粒・全粒製品］　全粒　黄大豆　国産　ゆで,8.5,5.1,0.134,0.68,4.42,prosky実測,both,A
豆類,大豆水煮(缶),大豆の水煮,大豆缶|大豆水煮缶詰,1/2缶,60,04028,だいず　［全粒・全粒製品］　水煮缶詰　黄大豆,6.8,4.08,0.059,0.24,3.84,prosky実測,prosky,A
豆類,おから,おから,卯の花|うのはな|おからパウダー,小鉢1杯,50,04051,だいず　［その他］　おから　生,11.5,5.75,0.035,0.2,5.55,prosky実測,prosky,A
豆類,きな粉,きな粉,黄な粉|きなこ,大さじ1,6,04029,だいず　［全粒・全粒製品］　きな粉　黄大豆　全粒大豆,18.1,1.09,0.149,0.16,0.93,prosky実測,prosky,B
豆類,木綿豆腐,木綿豆腐,豆腐|とうふ|冷奇,1/3丁,100,04032,だいず　［豆腐・油揚げ類］　木綿豆腐,1.1,1.1,0.25,0.28,0.82,prosky実測,both,B
豆類,豆乳,豆乳,調製豆乳|ソイミルク,1杯,200,04052,だいず　［その他］　豆乳　豆乳,0.9,1.8,1.0,1.8,0.0,prosky実測,both,B
豆類,枝豆(冷凍),枝豆,えだまめ|エダマメ|冷凍枝豆,1皿,50,06017,えだまめ　冷凍,7.3,3.65,0.192,0.7,2.95,prosky実測,prosky,A
豆類,ひよこ豆(ゆで),ひよこ豆,ガルバンゾ|チクピー|ひよこまめ,1/2カップ,50,04066,ひよこまめ　全粒　ゆで,11.6,5.8,0.043,0.25,5.55,prosky実測,prosky,A
豆類,レンズ豆(ゆで),レンズ豆,レンティル|れんず豆,1/2カップ,50,04094,レンズまめ　全粒　ゆで,9.4,4.7,0.096,0.45,4.25,prosky実測,prosky,A
豆類,いんげん豆(ゆで),いんげん豆,金時豆|白いんげん,1/2カップ,50,04008,いんげんまめ　全粒　ゆで,13.6,6.8,0.111,0.75,6.05,prosky実測,prosky,A
豆類,うずら豆,うずら豆,煮豆|甘煮豆,小鉢,40,04009,いんげんまめ　うずら豆,5.9,2.36,0.22,0.52,1.84,prosky実測,prosky,B
種実,アーモンド,アーモンド,アーモンド素焼き|ナッツ,10粒,15,05040,アーモンド　いり　無塩,11.0,1.65,0.099,0.16,1.49,prosky実測,prosky,B
種実,くるみ,くるみ,ウォールナッツ|クルミ,5粒,20,05014,くるみ　いり,7.5,1.5,0.08,0.12,1.38,prosky実測,prosky,B
種実,ピーナッツ,ピーナッツ,落花生|らっかせい|ピーナツ,20粒,20,05035,らっかせい　大粒種　いり,11.4,2.28,0.042,0.1,2.18,prosky実測,both,B
種実,いりごま,いりごま,ごま|胡麻|白ごま|黒ごま,大さじ1,9,05018,ごま　いり,12.6,1.13,0.198,0.22,0.91,prosky実測,prosky,B
いも,さつまいも,さつまいも,焼き芋|やきいも|甘藷|サツマイモ,1/2本,100,02046,＜いも類＞　（さつまいも類）　さつまいも　塊根　皮つき　蒸し,3.8,3.8,0.263,1.0,2.8,prosky実測,prosky,A
いも,じゃがいも,じゃがいも,ポテト|馬鈴薯|新じゃが,1個,100,02018,＜いも類＞　じゃがいも　塊茎　皮なし　蒸し,3.5,3.5,0.312,1.09,2.41,prosky実測,both,A
いも,里いも,里いも,さといも|サトイモ,3個,60,02011,＜いも類＞　（さといも類）　さといも　球茎　水煮,2.4,1.44,0.375,0.54,0.9,prosky実測,prosky,B
いも,長いも,長いも,ながいも|山芋|とろろ,5cm,80,02024,＜いも類＞　（やまのいも類）　ながいも　ながいも　塊根　水煮,1.4,1.12,0.143,0.16,0.96,prosky実測,prosky,B
いも,こんにゃく,こんにゃく,板こんにゃく|蒟蒻,1/4枚,50,02003,＜いも類＞　こんにゃく　板こんにゃく　精粉こんにゃく,2.2,1.1,0.045,0.05,1.05,prosky実測,prosky,B
いも,しらたき,しらたき,糸こんにゃく|白滝,1袋,100,02005,＜いも類＞　こんにゃく　しらたき,2.9,2.9,0.0,0.0,2.9,prosky実測,prosky,B
野菜,キャベツ千切り,キャベツ千切り,キャベツ|せん切りキャベツ,1皿,50,06061,（キャベツ類）　キャベツ　結球葉　生,1.8,0.9,0.222,0.2,0.7,prosky実測,both,C
野菜,レタス,レタス,サラダ用レタス|レタスサラダ,サラダ1皿,30,06312,（レタス類）　レタス　土耕栽培　結球葉　生,1.1,0.33,0.091,0.03,0.3,prosky実測,prosky,C
野菜,トマト,トマト,とまと|完熟トマト,1個,150,06182,（トマト類）　赤色トマト　果実　生,1.0,1.5,0.3,0.45,1.05,prosky実測,prosky,B
野菜,ミニトマト,ミニトマト,プチトマト|ミニとまと,5個,75,06183,（トマト類）　赤色ミニトマト　果実　生,1.4,1.05,0.286,0.3,0.75,prosky実測,prosky,B
野菜,きゅうり,きゅうり,胡瓜|キュウリ,1本,100,06065,きゅうり　果実　生,1.1,1.1,0.182,0.2,0.9,prosky実測,prosky,B
野菜,にんじん,にんじん,人参|キャロット,1/3本,50,06215,（にんじん類）　にんじん　根　皮なし　ゆで,2.8,1.4,0.286,0.4,1.0,prosky実測,prosky,B
野菜,たまねぎ,たまねぎ,玉ねぎ|オニオン|玉葱,1/2個,100,06155,（たまねぎ類）　たまねぎ　りん茎　ゆで,1.7,1.7,0.412,0.7,1.0,prosky実測,prosky,B
野菜,ブロッコリー,ブロッコリー,ブロッコリ|緑花野菜,3房,60,06264,ブロッコリー　花序　ゆで,4.3,2.58,0.233,0.6,1.98,prosky実測,prosky,B
野菜,ピーマン,ピーマン,青ピーマン,1個,30,06245,（ピーマン類）　青ピーマン　果実　生,2.3,0.69,0.261,0.18,0.51,prosky実測,prosky,C
野菜,なす,なす,茄子|ナス,1本,80,06192,（なす類）　なす　果実　ゆで,2.1,1.68,0.333,0.56,1.12,prosky実測,prosky,B
野菜,ほうれん草,ほうれん草,ほうれんそう|おひたし|ホウレンソウ,おひたし1鉢,70,06268,ほうれんそう　葉　通年平均　ゆで,3.6,2.52,0.167,0.42,2.1,prosky実測,prosky,B
野菜,小松菜,小松菜,こまつな|コマツナ,おひたし1鉢,70,06087,こまつな　葉　ゆで,2.4,1.68,0.25,0.42,1.26,prosky実測,prosky,B
野菜,大根,大根,だいこん|ダイコン,煮物1食,100,06134,（だいこん類）　だいこん　根　皮なし　生,1.3,1.3,0.385,0.5,0.8,prosky実測,prosky,B
野菜,白菜,白菜,はくさい|ハクサイ,1/8株,100,06234,はくさい　結球葉　ゆで,1.4,1.4,0.286,0.4,1.0,prosky実測,prosky,B
野菜,もやし,もやし,緑豆もやし|豆もやし|モヤシ,1/2袋,100,06292,（もやし類）　りょくとうもやし　ゆで,1.5,1.5,0.133,0.2,1.3,prosky実測,prosky,B
野菜,ごぼう(ゆで),ごぼう,ごぼう|牛蒡|ゴボウ,煮物1食,50,06085,（ごぼう類）　ごぼう　根　ゆで,6.1,3.05,0.443,1.35,1.7,prosky実測,prosky,A
野菜,かぼちゃ,かぼちゃ,南瓜|カボチャ|パンプキン,煮物小鉢,80,06049,（かぼちゃ類）　西洋かぼちゃ　果実　ゆで,4.1,3.28,0.22,0.72,2.56,prosky実測,prosky,A
野菜,とうもろこし,とうもろこし,コーン|スイートコーン|玉蜀黍,1/2本,80,06176,（とうもろこし類）　スイートコーン　未熟種子　ゆで,3.1,2.48,0.097,0.24,2.24,prosky実測,prosky,B
野菜,アスパラガス,アスパラガス,アスパラ,3本,60,06008,アスパラガス　若茎　ゆで,2.1,1.26,0.238,0.3,0.96,prosky実測,prosky,B
野菜,オクラ,オクラ,おくら,5本,40,06033,オクラ　果実　ゆで,5.4,2.16,0.308,0.67,1.49,prosky実測,both,B
野菜,冷凍ミックスベジタブル,ミックスベジタブル,ミックスベジタブル|冷凍野菜,1食,80,06382,（その他）　ミックスベジタブル　冷凍,5.9,4.72,0.22,1.04,3.68,aoac実測,aoac2011.25,A
野菜,切干し大根(乾),切干し大根,切り干し大根|切干大根,煮物1食分,10,06136,（だいこん類）　切干しだいこん　乾,21.3,2.13,0.244,0.52,1.61,prosky実測,prosky,B
野菜,キムチ,キムチ,白菜キムチ|韓国キムチ,小皿,40,06236,はくさい　漬物　キムチ,2.2,0.88,0.273,0.24,0.64,prosky実測,prosky,C
野菜,大根おろし,大根おろし,おろし|だいこんおろし,大さじ3,50,06367,（だいこん類）　だいこん　根　皮なし　生　おろし,5.1,2.55,0.275,0.7,1.85,prosky実測,prosky,B
きのこ,しいたけ,しいたけ,椎茸|生しいたけ|シイタケ,2個,30,08039,しいたけ　生しいたけ　菌床栽培　生,4.9,1.47,0.089,0.13,1.34,prosky実測,both,B
きのこ,ぶなしめじ,ぶなしめじ,しめじ|シメジ,1/2パック,50,08017,（しめじ類）　ぶなしめじ　ゆで,4.2,2.1,0.024,0.05,2.05,prosky実測,both,B
きのこ,えのきたけ,えのきたけ,えのき|エノキ,1/2袋,50,08002,えのきたけ　ゆで,4.5,2.25,0.067,0.15,2.1,prosky実測,prosky,B
きのこ,まいたけ,まいたけ,舞茸|マイタケ,1/2パック,50,08029,まいたけ　ゆで,4.3,2.15,0.047,0.1,2.05,prosky実測,prosky,B
きのこ,エリンギ,エリンギ,えりんぎ,1本,40,08048,（ひらたけ類）　エリンギ　ゆで,4.8,1.92,0.021,0.04,1.88,prosky実測,prosky,B
きのこ,マッシュルーム,マッシュルーム,マッシュルーム缶|白きのこ,3個,30,08032,マッシュルーム　ゆで,3.3,0.99,0.03,0.03,0.96,prosky実測,prosky,C
きのこ,きくらげ(乾),きくらげ,木耳|キクラゲ,戻して小鉢,3,08004,（きくらげ類）　あらげきくらげ　乾,79.5,2.38,0.079,0.19,2.19,prosky実測,prosky,B
海藻,カットわかめ(乾),カットわかめ,わかめ|若布|ワカメ,味噌汁1杯,2,09044,わかめ　カットわかめ　乾,39.2,0.78,0.0,0.0,0.78,推定(同群実測0%),both,C
海藻,ほしひじき(乾),ほしひじき,ひじき|鹿尾菜|ヒジキ,煮物1食分,5,09050,ひじき　ほしひじき　ステンレス釜　乾,51.8,2.59,0.0,0.0,2.59,推定(同群実測0%),prosky,B
海藻,めかぶ,めかぶ,めかぶわかめ|メカブ,1パック,50,09047,わかめ　めかぶわかめ　生,3.4,1.7,0.0,0.0,1.7,推定(同群実測0%),prosky,B
海藻,もずく,もずく,もずく酢|オキナワモズク,1パック,70,09037,（もずく類）　おきなわもずく　塩蔵　塩抜き,2.0,1.4,0.0,0.0,1.4,推定(同群実測0%),prosky,B
海藻,焼きのり,焼きのり,のり|海苔|味付け海苔,1枚,3,09004,あまのり　焼きのり,36.0,1.08,0.0,0.0,1.08,推定(同群実測0%),prosky,B
海藻,ところてん,ところてん,心太|トコロテン,1食,150,09026,てんぐさ　ところてん,0.6,0.9,0.0,0.0,0.9,推定(同群実測0%),prosky,C
惣菜,きんぴらごぼう,きんぴらごぼう,きんぴら|金平ごぼう,小鉢,60,18033,和風料理　煮物類　きんぴらごぼう,3.2,1.92,0.406,0.78,1.14,prosky実測,prosky,B
惣菜,ひじきの煮物,ひじきの煮物,ひじき煮|ひじきのいため煮,小鉢,50,18037,和風料理　煮物類　ひじきのいため煮,3.4,1.7,0.2,0.34,1.36,prosky実測,prosky,B
惣菜,卯の花(おから煮),卯の花(おから煮),卯の花いり|おから煮,小鉢,60,18029,和風料理　煮物類　卯の花いり,5.1,3.06,0.059,0.18,2.88,prosky実測,prosky,A
惣菜,切り干し大根の煮物,切り干し大根の煮物,切干し大根煮,小鉢,50,18032,和風料理　煮物類　切り干し大根の煮物,2.0,1.0,0.158,0.16,0.84,prosky実測,prosky,B
惣菜,筑前煮,筑前煮,がめ煮|煮物,1食,100,18035,和風料理　煮物類　筑前煮,1.8,1.8,0.278,0.5,1.3,prosky実測,prosky,B
惣菜,青菜の白和え,青菜の白和え,白和え|しらあえ,小鉢,60,18024,和風料理　和え物類　青菜の白和え,2.4,1.44,0.167,0.24,1.2,prosky実測,prosky,B
惣菜,いんげんのごま和え,いんげんのごま和え,ごま和え|胡麻和え,小鉢,50,18025,和風料理　和え物類　いんげんのごま和え,2.8,1.4,0.214,0.3,1.1,prosky実測,prosky,B
惣菜,もやしのナムル,もやしのナムル,ナムル,小鉢,60,18039,韓国料理　和え物類　もやしのナムル,2.7,1.62,0.192,0.31,1.31,prosky実測,prosky,B
惣菜,肉じゃが,肉じゃが,にくじゃが,1食,150,18036,和風料理　煮物類　肉じゃが,1.3,1.95,0.308,0.6,1.35,prosky実測,prosky,B
惣菜,ビーフカレー,ビーフカレー,カレー|カレーライスのルー|欧風カレー,1皿分のルー,200,18001,洋風料理　カレー類　ビーフカレー,0.9,1.8,0.333,0.6,1.2,prosky実測,prosky,B
惣菜,お好み焼き,お好み焼き,おこのみやき,1枚,200,18053,和風料理　その他　お好み焼き,2.6,5.2,0.407,2.12,3.08,aoac実測,aoac2011.25,A
惣菜,春巻き,春巻き,はるまき,1本,60,18056,中国料理　点心類　春巻き,3.5,2.1,0.514,1.08,1.02,aoac実測,aoac2011.25,B
惣菜,ぎょうざ,ぎょうざ,餃子|ギョーザ,3個,75,18002,中国料理　点心類　ぎょうざ,1.5,1.12,0.357,0.4,0.72,prosky実測,prosky,B
惣菜,とん汁,とん汁,豚汁|ぶたじる,1杯,200,18028,和風料理　汁物類　とん汁,0.5,1.0,0.333,0.33,0.67,prosky実測,prosky,B
果物,バナナ,バナナ,ばなな|バナナ1本,1本,100,07107,バナナ　生,1.1,1.1,0.091,0.1,1.0,prosky実測,prosky,B
果物,りんご(皮つき),皮つきりんご,りんご|林檎|アップル,1個,200,07176,りんご　皮つき　生,1.9,3.8,0.263,1.0,2.8,prosky実測,prosky,A
果物,りんご(皮なし),むきりんご,むきりんご,1個,200,07148,りんご　皮なし　生,1.4,2.8,0.286,0.8,2.0,prosky実測,prosky,B
果物,キウイ,キウイ,キウイフルーツ|キーウィ,1個,85,07054,キウイフルーツ　緑肉種　生,2.6,2.21,0.231,0.51,1.7,prosky実測,prosky,B
果物,みかん,みかん,温州みかん|ミカン|蜜柑,1個,80,07027,（かんきつ類）　うんしゅうみかん　じょうのう　普通　生,1.0,0.8,0.5,0.4,0.4,prosky実測,prosky,C
果物,いちご,いちご,苺|ストロベリー,5粒,75,07012,いちご　生,1.4,1.05,0.357,0.37,0.68,prosky実測,prosky,B
果物,柿,柿,かき|甘柿,1個,150,07049,かき　甘がき　生,1.6,2.4,0.125,0.3,2.1,prosky実測,prosky,B
果物,梨,梨,なし|日本梨,1/2個,150,07088,（なし類）　日本なし　生,0.9,1.35,0.222,0.3,1.05,prosky実測,prosky,B
果物,ブルーベリー,ブルーベリー,ぶるーべりー,1/2カップ,50,07124,ブルーベリー　生,3.3,1.65,0.152,0.25,1.4,prosky実測,prosky,B
果物,アボカド,アボカド,あぼかど|アヴォカド,1/2個,70,07006,アボカド　生,5.6,3.92,0.304,1.19,2.73,prosky実測,prosky,A
果物,干し柿,干し柿,ほしがき|あんぽ柿,1個,35,07051,かき　干しがき,14.0,4.9,0.093,0.46,4.44,prosky実測,prosky,A
果物,プルーン(乾),ドライプルーン,ドライプルーン|干しプルーン,3個,25,07082,（すもも類）　プルーン　乾,7.1,1.77,0.472,0.84,0.93,prosky実測,prosky,B
果物,ドライいちじく,ドライいちじく,干しいちじく|いちじく乾,2個,30,07016,いちじく　乾,10.7,3.21,0.318,1.02,2.19,prosky実測,prosky,A
その他,鶏むね肉,鶏むね肉,とりむね|鶏胸肉|チキン|サラダチキン,1枚分,100,11214,＜鳥肉類＞　にわとり　［親・主品目］　むね　皮なし　生,0.0,0.0,0.0,0.0,0.0,該当なし(繊維0g),none,Z
その他,鮭,鮭,さけ|サーモン|しろさけ,1切れ,80,10134,＜魚類＞　（さけ・ます類）　しろさけ　生,0.0,0.0,0.0,0.0,0.0,該当なし(繊維0g),none,Z
その他,まぐろ刺身,まぐろ刺身,マグロ|鮪|赤身,5切れ,80,10253,＜魚類＞　（まぐろ類）　くろまぐろ　天然　赤身　生,0.0,0.0,0.0,0.0,0.0,該当なし(繊維0g),none,Z
その他,卵,卵,たまご|鶏卵|玉子,1個,50,12004,鶏卵　全卵　生,0.0,0.0,0.0,0.0,0.0,該当なし(繊維0g),none,Z
その他,牛乳,牛乳,ミルク|普通牛乳,1杯,200,13003,＜牛乳及び乳製品＞　（液状乳類）　普通牛乳,0.0,0.0,0.0,0.0,0.0,該当なし(繊維0g),none,Z
その他,ヨーグルト,ヨーグルト,よーぐると|プレーンヨーグルト,1個,100,13025,＜牛乳及び乳製品＞　（発酵乳・乳酸菌飲料）　ヨーグルト　全脂無糖,0.0,0.0,0.0,0.0,0.0,該当なし(繊維0g),none,Z
その他,チーズ,チーズ,プロセスチーズ|スライスチーズ,1枚,18,13040,＜牛乳及び乳製品＞　（チーズ類）　プロセスチーズ,0.0,0.0,0.0,0.0,0.0,該当なし(繊維0g),none,Z
菓子,ポテトチップス,ポテトチップス,ポテチ|チップス,1袋,60,15103,＜スナック類＞　ポテトチップス　ポテトチップス,4.2,2.52,0.262,0.66,1.86,prosky実測,prosky,B
菓子,せんべい,せんべい,煎餅|しょうゆせんべい,2枚,20,15060,＜和干菓子類＞　米菓　しょうゆせんべい,0.6,0.12,0.0,0.0,0.12,prosky実測,prosky,C
主食,大麦めん(乾),大麦めん,大麦麺|むぎめん|麦めん,1食,80,01008,おおむぎ　大麦めん　乾,6.3,5.04,0.571,2.88,2.16,prosky実測,prosky,A
主食,米粒麦(白米に混ぜる),米粒麦,丸麦|米粒麦|麦を混ぜる,大さじ3,30,01007,おおむぎ　米粒麦,8.7,2.61,0.69,1.8,0.81,prosky実測,prosky,B
野菜,らっきょう,らっきょう,甘酢らっきょう|ラッキョウ,5粒,25,06305,（らっきょう類）　らっきょう　りん茎　生,20.7,5.17,0.899,4.65,0.52,prosky実測,prosky,A
野菜,エシャレット,エシャレット,エシャロット|根らっきょう,3本,30,06307,（らっきょう類）　エシャレット　りん茎　生,11.4,3.42,0.798,2.73,0.69,prosky実測,prosky,A
野菜,ゆりね,ゆりね,百合根|ユリネ,1/2個,50,06297,ゆりね　りん茎　ゆで,6.0,3.0,0.533,1.6,1.4,prosky実測,prosky,A
惣菜,かんぴょうの甘煮,かんぴょうの甘煮,かんぴょう|干瓢,小鉢,30,06364,かんぴょう　甘煮,5.5,1.65,0.473,0.78,0.87,prosky実測,prosky,B
果物,ドライあんず,ドライあんず,干しあんず|アプリコット,3個,30,07008,あんず　乾,9.8,2.94,0.439,1.29,1.65,prosky実測,prosky,B
果物,ドライマンゴー,ドライマンゴー,干しマンゴー,5切れ,30,07179,マンゴー　ドライマンゴー,6.4,1.92,0.437,0.84,1.08,prosky実測,prosky,B
果物,きんかん,きんかん,金柑|キンカン,3個,45,07056,（かんきつ類）　きんかん　全果　生,4.6,2.07,0.5,1.03,1.04,prosky実測,prosky,B
種実,いりあまに,いりあまに,アマニ|フラックスシード|亜麻仁,大さじ1,10,05041,あまに　いり,23.8,2.38,0.382,0.91,1.47,prosky実測,prosky,B
野菜,サニーレタス,サニーレタス,サニー|赤レタス|サニーレタスサラダ,サラダ1皿,30,06315,（レタス類）　サニーレタス　葉　生,2.0,0.6,0.3,0.18,0.42,prosky実測,prosky,C
野菜,リーフレタス,リーフレタス,グリーンリーフ|リーフ,サラダ1皿,30,06314,（レタス類）　リーフレタス　葉　生,1.9,0.57,0.26,0.15,0.42,prosky実測,prosky,C
野菜,サラダな,サラダな,サラダ菜,3枚,30,06313,（レタス類）　サラダな　葉　生,1.8,0.54,0.11,0.06,0.48,prosky実測,prosky,C
野菜,水菜,水菜,みずな|京菜,サラダ1皿,50,06072,みずな　葉　生,3.0,1.5,0.2,0.3,1.2,prosky実測,prosky,B
野菜,春菊(ゆで),春菊,しゅんぎく|菊菜,おひたし1鉢,70,06100,しゅんぎく　葉　ゆで,3.7,2.59,0.3,0.77,1.82,prosky実測,prosky,B
野菜,チンゲンサイ(ゆで),チンゲンサイ,ちんげん菜|青梗菜,1株,80,06161,チンゲンサイ　葉　ゆで,1.5,1.2,0.2,0.24,0.96,prosky実測,prosky,B
野菜,ケール,ケール,ちりめんケール,1枚,30,06080,ケール　葉　生,3.7,1.11,0.14,0.15,0.96,prosky実測,prosky,B
野菜,ルッコラ,ルッコラ,ロケット|アルグラ,サラダ1皿,20,06319,ルッコラ　葉　生,2.6,0.52,0.12,0.06,0.46,prosky実測,prosky,C
野菜,クレソン,クレソン,オランダがらし,1束,20,06077,クレソン　茎葉　生,2.5,0.5,0.08,0.04,0.46,prosky実測,prosky,C
野菜,菜の花(ゆで),菜の花,なばな|菜花,おひたし1鉢,60,06202,（なばな類）　和種なばな　花らい・茎　ゆで,4.3,2.58,0.3,0.78,1.8,prosky実測,prosky,B
野菜,モロヘイヤ,モロヘイヤ,もろへいや,おひたし1鉢,50,06293,モロヘイヤ　茎葉　生,5.9,2.95,0.22,0.65,2.3,prosky実測,prosky,B
野菜,芽キャベツ(ゆで),芽キャベツ,めキャベツ|ブリュッセルスプラウト,4個,50,06284,めキャベツ　結球葉　ゆで,5.2,2.6,0.27,0.7,1.9,prosky実測,prosky,B
野菜,カリフラワー(ゆで),カリフラワー,カリフラワ,3房,60,06055,カリフラワー　花序　ゆで,3.2,1.92,0.22,0.42,1.5,prosky実測,prosky,B
野菜,セロリ,セロリ,セルリー,1本,50,06119,セロリ　葉柄　生,1.5,0.75,0.2,0.15,0.6,prosky実測,prosky,C
野菜,ズッキーニ,ズッキーニ,ずっきーに,1/2本,80,06116,ズッキーニ　果実　生,1.3,1.04,0.15,0.16,0.88,prosky実測,prosky,B
野菜,赤パプリカ,赤パプリカ,パプリカ|赤ピーマン,1/2個,60,06247,（ピーマン類）　赤ピーマン　果実　生,1.6,0.96,0.31,0.3,0.66,prosky実測,prosky,C
野菜,黄パプリカ,黄パプリカ,黄ピーマン|イエローパプリカ,1/2個,60,06249,（ピーマン類）　黄ピーマン　果実　生,1.3,0.78,0.31,0.24,0.54,prosky実測,prosky,C
野菜,にら(ゆで),にら,ニラ|韮,1/2束,50,06208,（にら類）　にら　葉　ゆで,4.3,2.15,0.19,0.4,1.75,prosky実測,prosky,B
野菜,長ねぎ,長ねぎ,ねぎ|根深ねぎ|白ねぎ,1/2本,50,06226,（ねぎ類）　根深ねぎ　葉　軟白　生,2.5,1.25,0.12,0.15,1.1,prosky実測,prosky,B
野菜,小ねぎ,小ねぎ,葉ねぎ|万能ねぎ|青ねぎ|薬味ねぎ,薬味1食分,10,06227,（ねぎ類）　葉ねぎ　葉　生,3.2,0.32,0.09,0.03,0.29,prosky実測,prosky,C
野菜,れんこん(ゆで),れんこん,レンコン|蓮根,煮物1食,60,06318,れんこん　根茎　ゆで,2.3,1.38,0.09,0.12,1.26,prosky実測,prosky,B
野菜,たけのこ(ゆで),たけのこ,筍|タケノコ,煮物1食,60,06150,たけのこ　若茎　ゆで,3.3,1.98,0.12,0.24,1.74,prosky実測,prosky,B
野菜,そらまめ(ゆで),そらまめ,ソラマメ|空豆,10粒,50,06125,そらまめ　未熟豆　ゆで,4.0,2,0.1,0.2,1.8,prosky実測,prosky,B
野菜,さやえんどう(ゆで),さやえんどう,きぬさや|絹さや,10枚,30,06021,（えんどう類）　さやえんどう　若ざや　ゆで,3.1,0.93,0.29,0.27,0.66,prosky実測,prosky,C
野菜,グリーンピース(冷凍),グリーンピース,グリンピース|青えんどう,大さじ3,30,06025,（えんどう類）　グリンピース　冷凍,9.3,2.79,0.1,0.28,2.51,prosky実測,both,B
野菜,かぶ,かぶ,蕪|カブ,1個,80,06036,かぶ　根　皮つき　生,1.5,1.2,0.2,0.24,0.96,prosky実測,prosky,B
野菜,にがうり,ゴーヤ,にがうり|ゴーヤー|苦瓜,1/4本,50,06205,にがうり　果実　生,2.6,1.3,0.19,0.25,1.05,prosky実測,prosky,B
野菜,大豆もやし,大豆もやし,だいずもやし|豆もやし,1/2袋,100,06287,（もやし類）　だいずもやし　生,2.3,2.3,0.09,0.2,2.1,prosky実測,prosky,B
野菜,アルファルファ,アルファルファ,アルファルファもやし|スプラウト,サラダ1皿,20,06286,（もやし類）　アルファルファもやし　生,1.4,0.28,0.07,0.02,0.26,prosky実測,prosky,C
きのこ,干ししいたけ(戻し),干ししいたけ,乾しいたけ|干し椎茸|戻したしいたけ,2枚分,30,08014,しいたけ　乾しいたけ　ゆで,6.7,2.01,0.07,0.15,1.86,prosky実測,prosky,B
きのこ,なめこ,なめこ,ナメコ|滑子,1/2袋,50,08020,なめこ　株採り　生,3.4,1.7,0.29,0.5,1.2,prosky実測,prosky,B
海藻,粉寒天,粉寒天,寒天|アガー|かんてん,小さじ1,2,09049,てんぐさ　粉寒天,79.0,1.58,0,0,1.58,推定(同群実測0%),prosky,B
海藻,とろろ昆布,とろろ昆布,削り昆布|とろろこんぶ,1食分,5,09021,（こんぶ類）　削り昆布,28.2,1.41,0,0,1.41,推定(同群実測0%),prosky,B
海藻,刻み昆布,刻み昆布,きざみ昆布|細切り昆布,煮物1食分,5,09020,（こんぶ類）　刻み昆布,39.1,1.96,0,0,1.96,推定(同群実測0%),prosky,B
海藻,塩昆布,塩昆布,しお昆布|塩こんぶ,小皿,5,09022,（こんぶ類）　塩昆布,13.1,0.66,0,0,0.66,推定(同群実測0%),prosky,C
海藻,あおのり,あおのり,青のり|青海苔,小さじ1,2,09002,あおのり　素干し,35.2,0.7,0,0,0.7,推定(同群実測0%),prosky,C
豆類,蒸し大豆,蒸し大豆,むし大豆|蒸しだいず|サラダ大豆,1/2カップ,50,04081,だいず　［全粒・全粒製品］　蒸し大豆　黄大豆,10.6,5.3,0.26,1.39,3.91,prosky実測,both,A
豆類,あずき(ゆで),あずき,小豆|ゆであずき,1/2カップ,60,04002,あずき　全粒　ゆで,8.7,5.22,0.07,0.35,4.87,prosky実測,both,A
豆類,ゆで小豆(缶),ゆで小豆,小豆缶|あずき缶,大さじ2,40,04003,あずき　ゆで小豆缶詰,3.4,1.36,0.15,0.2,1.16,prosky実測,prosky,B
豆類,凍り豆腐(乾),高野豆腐,こうや豆腐|凍り豆腐|しみ豆腐,1個,17,04042,だいず　［豆腐・油揚げ類］　凍り豆腐　乾,2.5,0.43,0.21,0.09,0.34,prosky実測,prosky,C
豆類,おからパウダー,おからパウダー,乾燥おから|おから粉|大豆粉末,大さじ2,12,04089,だいず　［その他］　おから　乾燥,43.6,5.23,0.03,0.18,5.05,prosky実測,prosky,A
種実,カシューナッツ,カシューナッツ,カシュー,10粒,15,05005,カシューナッツ　フライ　味付け,6.7,1,0.12,0.12,0.88,prosky実測,prosky,B
種実,チアシード,チアシード,ちあしーど|チア,大さじ1,12,05046,チアシード　乾,36.9,4.43,0.15,0.68,3.75,aoac実測,aoac2011.25,A
種実,甘ぐり,甘ぐり,甘栗|天津甘栗|栗,10粒,50,05013,（くり類）　中国ぐり　甘ぐり,8.5,4.25,0.12,0.5,3.75,prosky実測,prosky,A
種実,ピスタチオ,ピスタチオ,ぴすたちお,20粒,20,05026,ピスタチオ　いり　味付け,9.2,1.84,0.1,0.18,1.66,prosky実測,prosky,B
種実,ひまわりの種,ひまわりの種,サンフラワーシード|ひまわりシード,大さじ1,10,05027,ひまわり　フライ　味付け,7.9,0.79,0.12,0.09,0.7,prosky実測,both,C
主食,押麦(乾),押麦,おしむぎ|押し麦|大麦,大さじ3,30,01006,おおむぎ　押麦　乾,12.2,3.66,0.54,1.99,1.67,prosky実測,both,A
主食,ベーグル,ベーグル,べーぐる,1個,90,01148,こむぎ　［パン類］　ベーグル,2.5,2.25,0.48,1.08,1.17,prosky実測,prosky,B
主食,ナン,ナン,なん|インドのパン,1枚,80,01037,こむぎ　［パン類］　ナン,2.0,1.6,0.4,0.64,0.96,prosky実測,prosky,B
果物,ラズベリー,ラズベリー,きいちご|木苺|フランボワーズ,1/2カップ,50,07146,ラズベリー　生,4.7,2.35,0.15,0.35,2,prosky実測,prosky,B
果物,干しぶどう,レーズン,干しぶどう|ほしぶどう,大さじ2,20,07117,ぶどう　干しぶどう,4.1,0.82,0.29,0.24,0.58,prosky実測,prosky,C
果物,オレンジ,オレンジ,ネーブル|ネーブルオレンジ,1個,130,07040,（かんきつ類）　オレンジ　ネーブル　砂じょう　生,1.0,1.3,0.4,0.52,0.78,prosky実測,prosky,B
果物,パイナップル,パイナップル,パインアップル|パイン,1/8個,100,07097,パインアップル　生,1.2,1.2,0.17,0.2,1,prosky実測,prosky,B
果物,グレープフルーツ,グレープフルーツ,グレフル,1/2個,100,07062,（かんきつ類）　グレープフルーツ　白肉種　砂じょう　生,0.6,0.6,0.33,0.2,0.4,prosky実測,prosky,C
