before,before_display,before_unit,after,after_display,after_unit,before_total,after_total,delta_total,before_soluble,after_soluble,delta_soluble,purpose
キムチ,キムチ,小皿,らっきょう,らっきょう,5粒,0.88,5.17,4.29,0.24,4.65,4.41,両方
うどん(ゆで),うどん,1玉,パスタ(ゆで),パスタ,1食,3.25,7.5,4.25,0.81,2.2,1.39,両方
白米ごはん,ごはん,1杯,もち麦ごはん,もち麦ごはん,1杯,2.25,6.3,4.05,0.0,3.15,3.15,両方
白米ごはん,ごはん,1杯,そば(ゆで),そば,1玉,2.25,5.8,3.55,0.0,1.45,1.45,両方
せんべい,せんべい,2枚,ドライあんず,ドライあんず,3個,0.12,2.94,2.82,0.0,1.29,1.29,両方
バナナ,バナナ,1本,アボカド,アボカド,1/2個,1.1,3.92,2.82,0.1,1.19,1.09,両方
キャベツ千切り,キャベツ千切り,1皿,ごぼう(ゆで),ごぼう,煮物1食,0.9,3.05,2.15,0.2,1.35,1.15,両方
うどん(ゆで),うどん,1玉,大麦めん(乾),大麦めん,1食,3.25,5.04,1.79,0.81,2.88,2.07,両方
食パン(6枚切),食パン(6枚切),1枚,ライ麦パン,ライ麦パン,1枚,2.52,3.36,0.84,0.44,1.2,0.76,推奨しない
レタス,レタス,サラダ1皿,キャベツ千切り,キャベツ千切り,1皿,0.33,0.9,0.57,0.03,0.2,0.17,推奨しない
じゃがいも,じゃがいも,1個,さつまいも,さつまいも,1/2本,3.5,3.8,0.3,1.09,1.0,-0.09,推奨しない
食パン(6枚切),食パン(6枚切),1枚,全粒粉パン,全粒粉パン,1枚,2.52,2.7,0.18,0.44,0.54,0.1,推奨しない
白米ごはん,ごはん,1杯,玄米ごはん,玄米ごはん,1杯,2.25,2.1,-0.15,0.0,0.3,0.3,推奨しない
ポテトチップス,ポテトチップス,1袋,ドライマンゴー,ドライマンゴー,5切れ,2.52,1.92,-0.6,0.66,0.84,0.18,推奨しない
しらたき,しらたき,1袋,ごぼう(ゆで),ごぼう,煮物1食,2.9,3.05,0.15,0.0,1.35,1.35,水溶性
そば(ゆで),そば,1玉,大麦めん(乾),大麦めん,1食,5.8,5.04,-0.76,1.45,2.88,1.43,水溶性
うどん(ゆで),うどん,1玉,そば(ゆで),そば,1玉,3.25,5.8,2.55,0.81,1.45,0.64,総量
レタス,レタス,サラダ1皿,ブロッコリー,ブロッコリー,3房,0.33,2.58,2.25,0.03,0.6,0.57,総量
コーンフレーク,コーンフレーク,1食,オートミール,オートミール,1食(30g),0.96,2.82,1.86,0.12,0.96,0.84,総量
ひきわり納豆,ひきわり納豆,1パック,納豆,納豆,1パック,2.65,4.28,1.63,0.9,1.47,0.57,総量
せんべい,せんべい,2枚,アーモンド,アーモンド,10粒,0.12,1.65,1.53,0.0,0.16,0.16,総量
ポテトチップス,ポテトチップス,1袋,枝豆(冷凍),枝豆,1皿,2.52,3.65,1.13,0.66,0.7,0.04,総量
バナナ,バナナ,1本,キウイ,キウイ,1個,1.1,2.21,1.11,0.1,0.51,0.41,総量
りんご(皮なし),むきりんご,1個,りんご(皮つき),皮つきりんご,1個,2.8,3.8,1.0,0.8,1.0,0.2,総量
